{
  "base_metrics": {
    "num_samples": 100,
    "num_valid_yesno_predictions": 100,
    "format_compliance_rate": 1.0,
    "accuracy": 0.44,
    "balanced_accuracy": 0.590626764539808,
    "precision_yes": 0.8888888888888888,
    "recall_yes": 0.3116883116883117,
    "f1_yes": 0.46153846153846156,
    "support_yes": 77,
    "precision_no": 0.273972602739726,
    "recall_no": 0.8695652173913043,
    "f1_no": 0.4166666666666667,
    "support_no": 23
  },
  "base_reasoning_cosine": {
    "num_reasoning_pairs": 100,
    "mean_reasoning_cosine": 0.7690127491950989,
    "median_reasoning_cosine": 0.7703747749328613
  },
  "ft_metrics": {
    "num_samples": 100,
    "num_valid_yesno_predictions": 100,
    "format_compliance_rate": 1.0,
    "accuracy": 0.73,
    "balanced_accuracy": 0.5959909655561829,
    "precision_yes": 0.8125,
    "recall_yes": 0.8441558441558441,
    "f1_yes": 0.8280254777070064,
    "support_yes": 77,
    "precision_no": 0.4,
    "recall_no": 0.34782608695652173,
    "f1_no": 0.37209302325581395,
    "support_no": 23
  },
  "ft_reasoning_cosine": {
    "num_reasoning_pairs": 100,
    "mean_reasoning_cosine": 0.7783634066581726,
    "median_reasoning_cosine": 0.7832328677177429
  }
}